Player,Batting Inns,Batting SR,100's,50's,Batting Average,Bowling Inns,Overs,Wickets,Bowling Average,Bowling SR,Points
A Mishra,4,87.5,0,0,10.5,11,40,11,24.54,21.8,129
AB de Villiers,13,154,0,5,44.2,0,0,0,0,0,183.5
AD Nath,5,107.01,0,0,12.2,0,0,0,0,0,22
AD Russell,13,204.81,0,4,56.66,12,30.1,11,26.09,16.4,369
AJ Turner,4,30,0,0,1,0,0,0,0,0,0
AJ Tye,1,0,0,0,0,6,22,3,77.66,44,45.5
AM Rahane,13,137.89,1,1,32.75,0,0,0,0,0,156.5
AR Patel,12,125,0,0,18.33,14,51,10,36.4,30.6,203
AS Joseph,2,115.38,0,0,0,3,8.4,6,14.5,8.6,53.5
AS Rajpoot,0,0,0,0,0,4,16,3,50.66,32,48
AS Roy,0,0,0,0,0,1,2,1,11,12,7.5
AT Rayudu,17,93.06,0,1,23.5,0,0,0,0,0,89.5
Abhishek Sharma,3,100,0,0,4.5,2,2,1,21,12,9.5
Arshdeep Singh,0,0,0,0,0,3,10,3,36.33,20,30.5
Avesh Khan,1,133.33,0,0,0,1,3,0,0,0,12
B Kumar,5,63.15,0,0,4,15,59,13,35.46,27.2,226
BA Stokes,9,124.24,0,0,20.5,6,16.5,6,31.5,16.8,93.5
BB Sran,1,100,0,0,0,2,4,0,0,0,7
BCJ Cutting,3,105.88,0,0,9,1,2,1,27,12,11.5
Basil Thampi,1,100,0,0,0,3,12,0,0,0,21
C Munro,4,120,0,0,21,0,0,0,0,0,36.5
C de Grandhomme,4,93.87,0,0,15.33,3,5,0,0,0,21.5
CA Ingram,12,119.48,0,0,18.4,0,0,0,0,0,70
CA Lynn,13,139.65,0,4,31.15,0,0,0,0,0,182
CH Gayle,13,153.6,0,4,40.83,0,0,0,0,0,231.5
CH Morris,6,86.48,0,0,5.33,9,33,13,23.53,15.2,133
CR Brathwaite,2,110,0,0,5.5,2,3,0,0,0,8.5
CV Varun,0,0,0,0,0,1,3,1,35,18,11.5
DA Miller,10,129.87,0,1,26.62,0,0,0,0,0,89.5
DA Warner,12,143.86,1,8,69.2,0,0,0,0,0,221
DJ Bravo,9,121.21,0,0,16,12,41.1,11,30,22.4,150.5
DJ Hooda,7,101.58,0,0,10.66,2,2,1,21,12,45.5
DL Chahar,2,77.77,0,0,3.5,17,64.3,22,21.9,17.5,274.5
DR Shorey,1,62.5,0,0,5,0,0,0,0,0,0
DS Kulkarni,1,166.66,0,0,0,10,35,6,55.83,35,113
DW Steyn,1,0,0,0,0,2,8,4,17.25,12,34
E Lewis,3,92.3,0,0,16,0,0,0,0,0,24.5
F du Plessis,12,123.36,0,3,36,0,0,0,0,0,172.5
GC Viljoen,3,42.85,0,0,1.5,6,23,7,31.71,19.7,74
GH Vihari,2,50,0,0,2,1,1,0,0,0,0
Gurkeerat Singh,3,140,0,1,32.66,0,0,0,0,0,37
H Klaasen,2,90,0,0,4.5,0,0,0,0,0,0
HF Gurney,1,20,0,0,0,8,27,7,34,23.1,75.5
HH Pandya,15,191.42,0,1,44.66,16,42.3,14,27.85,18.2,342
HV Patel,2,0,0,0,0,2,8,2,38.5,24,22
Harbhajan Singh,1,33.33,0,0,1,11,44,16,19.5,16.5,183
Harpreet Brar,1,166.66,0,0,0,2,5,0,0,0,15.5
I Sharma,3,333.33,0,0,0,13,46,13,26.84,21.2,176
IS Sodhi,1,54.54,0,0,6,2,7.1,4,16.75,10.7,29
Imran Tahir,1,0,0,0,0,17,64.2,26,16.57,14.8,255
Ishan Kishan,6,101,0,0,16.83,0,0,0,0,0,39
J Suchith,1,40,0,0,6,1,4,2,14,12,18
J Yadav,0,0,0,0,0,2,7,1,50,42,25.5
JC Archer,5,167.5,0,0,33.5,11,43,11,26.45,23.4,191
JC Buttler,8,151.7,0,3,38.87,0,0,0,0,0,164
JD Unadkat,4,33.33,0,0,1,11,37.2,10,39.8,22.4,103
JJ Bumrah,2,0,0,0,0,16,61.4,19,21.52,19.4,240.5
JL Denly,1,0,0,0,0,0,0,0,0,0,0
JM Bairstow,10,157.24,1,2,55.62,0,0,0,0,0,210.5
JP Behrendorff,0,0,0,0,0,5,19,5,33,22.8,71.5
K Gowtham,4,94.73,0,0,6,7,20,1,166,120,47.5
K Khejroliya,0,0,0,0,0,2,5,1,46,30,13.5
K Rabada,4,93.33,0,0,4.66,12,47,25,14.72,11.2,219
KA Pollard,14,156.74,0,1,34.87,0,0,0,0,0,132
KC Cariappa,1,300,0,0,0,1,2,0,0,0,4.5
KD Karthik,13,146.24,0,2,31.62,0,0,0,0,0,121.5
KH Pandya,15,122,0,0,16.63,16,46,12,27.91,23,211
KK Ahmed,1,0,0,0,0,9,34.5,19,15.1,11,153.5
KK Nair,1,83.33,0,0,5,0,0,0,0,0,0
KL Rahul,14,135.38,1,6,53.9,0,0,0,0,0,227.5
KM Jadhav,12,95.85,0,1,18,0,0,0,0,0,68
KMA Paul,6,75,0,0,3.6,8,27.1,9,26.33,18.1,104
KS Williamson,9,120,0,1,22.28,0,0,0,0,0,52.5
KV Sharma,0,0,0,0,0,1,2.5,1,33,17,7.5
Kuldeep Yadav,4,150,0,0,6,9,33,4,71.5,49.5,78
LH Ferguson,0,0,0,0,0,5,17,2,91.5,51,37
LS Livingstone,4,145.83,0,0,23.33,1,1,0,0,0,45.5
M Ashwin,3,60,0,0,3,10,34,5,51,40.8,84
M Markande,2,120,0,0,6,3,6,1,59,36,17
M Prasidh Krishna,1,0,0,0,0,11,40.2,4,94.25,60.5,114
M Vijay,2,104.91,0,0,32,0,0,0,0,0,21
MA Agarwal,13,141.88,0,2,25.53,0,0,0,0,0,131.5
MJ Guptill,3,152.83,0,0,27,0,0,0,0,0,37
MJ McClenaghan,4,68.75,0,0,3.66,5,18,3,47.33,36,60.5
MJ Santner,2,139.13,0,0,32,4,14,4,23.5,21,64
MK Lomror,1,266.66,0,0,8,0,0,0,0,0,7.5
MK Pandey,11,130.79,0,3,43,0,0,0,0,0,123.5
MM Ali,10,165.41,0,2,27.5,9,25,6,28.16,25,186
MM Sharma,1,0,0,0,0,1,3,1,27,18,11.5
MP Stoinis,10,135.25,0,0,52.75,6,16.4,2,72.5,50,114
MS Dhoni,12,134.62,0,3,83.2,0,0,0,0,0,175.5
Mandeep Singh,12,137.5,0,0,41.25,2,2,0,0,0,50
Mohammad Nabi,7,151.31,0,0,19.16,8,29.1,8,24.25,21.8,156.5
Mohammed Shami,2,50,0,0,1,14,54,19,24.68,17,198
Mohammed Siraj,4,28.57,0,0,4,9,28.1,7,38.42,24.1,98.5
Mujeeb Ur Rahman,3,0,0,0,0,5,19,3,63.66,38,50
N Pooran,6,157,0,0,28,0,0,0,0,0,76.5
N Rana,11,146.38,0,3,34.4,6,8,3,24,16,174
NA Saini,2,50,0,0,2,13,48,11,36.09,26.1,187
NS Naik,1,43.75,0,0,7,0,0,0,0,0,2.5
O Thomas,0,0,0,0,0,4,10,5,15.8,12,42
P Chopra,0,0,0,0,0,0,0,0,0,0,0
P Negi,4,75,0,0,2.25,4,11.1,3,34,22.3,45.5
P Ray Barman,1,79.16,0,0,19,1,4,0,0,0,7
P Simran Singh,1,94.11,0,0,16,0,0,0,0,0,8.5
PA Patel,14,139.17,0,2,26.64,0,0,0,0,0,175
PP Chawla,5,113.51,0,0,14,13,44.3,10,39.9,26.7,151.5
PP Shaw,16,133.71,0,2,22.06,0,0,0,0,0,149
Q de Kock,16,132.91,0,4,35.26,0,0,0,0,0,247.5
R Ashwin,6,150,0,0,8.4,14,55,15,26.66,22,180.5
R Parag,5,126.98,0,1,32,7,14,2,60.5,42,97.5
R Tewatia,4,118.18,0,0,26,3,6.2,2,21,19,49.5
RA Jadeja,9,120.45,0,0,35.33,16,54,15,22.86,21.6,234.5
RA Tripathi,7,119.49,0,1,23.5,0,0,0,0,0,47
RD Chahar,4,109.09,0,0,6,13,47,13,23.69,21.6,183
RG Sharma,15,128.57,0,2,28.92,0,0,0,0,0,175
RK Bhui,1,58.33,0,0,7,0,0,0,0,0,0
RK Singh,3,108.82,0,0,18.5,0,0,0,0,0,12
RR Pant,16,162.66,0,3,37.53,0,0,0,0,0,247
RV Uthappa,11,115.1,0,1,31.33,0,0,0,0,0,115
Rashid Khan,8,147.82,0,0,6.8,15,60,17,22.17,21.1,247.5
Rasikh Salam,1,125,0,0,0,1,4,0,0,0,10.5
S Dhawan,16,135.67,0,5,34.73,0,0,0,0,0,211
S Dube,4,121.21,0,0,13.33,2,1.4,0,0,0,18.5
S Gopal,7,136.95,0,0,15.75,14,48,20,17.35,14.4,213
S Kaul,2,0,0,0,0,7,27,6,40.33,27,79.5
S Lamichhane,1,0,0,0,0,6,23,8,26.25,17.2,80
S Midhun,0,0,0,0,0,1,2,0,0,0,6.5
S Nadeem,0,0,0,0,0,3,9,2,45,27,17
S Sandeep Warrier,0,0,0,0,0,3,12,2,42.5,36,39.5
SA Yadav,15,130.86,0,2,32.61,0,0,0,0,0,170
SC Kuggeleijn,0,0,0,0,0,2,8,2,35.5,24,24
SD Lad,1,115.38,0,0,15,0,0,0,0,0,6
SE Rutherford,7,135.18,0,0,14.6,6,6.5,1,59,41,53.5
SK Raina,17,121.97,0,3,23.93,1,1,0,0,0,162.5
SL Malinga,0,0,0,0,0,12,44.5,16,27.37,16.8,149.5
SM Curran,8,172.72,0,1,23.75,9,33,10,32.3,19.8,143
SN Khan,5,125.87,0,1,45,1,0.2,0,0,0,61.5
SN Thakur,3,200,0,0,7,9,30,8,35.12,22.5,111.5
SO Hetmyer,5,123.28,0,1,18,0,0,0,0,0,42
SP Narine,9,166.27,0,0,17.87,12,44.2,10,34.7,26.6,205
SPD Smith,10,116,0,3,39.87,0,0,0,0,0,96.5
SR Watson,17,127.56,0,3,23.41,0,0,0,0,0,190
SS Iyer,16,119.94,0,3,30.86,0,0,0,0,0,171.5
STR Binny,5,175,0,0,23.33,5,7,1,44,42,43
SV Samson,12,148.69,1,0,34.2,0,0,0,0,0,128
SW Billings,1,0,0,0,0,0,0,0,0,0,2.5
Sandeep Sharma,2,200,0,0,0,11,42.4,12,29.33,21.3,129
Shakib Al Hasan,1,90,0,0,9,3,10.5,2,47.5,32.5,29
Shubman Gill,13,124.36,0,3,32.88,0,0,0,0,0,105
TA Boult,3,175,0,0,7,5,19,5,32.6,22.8,70
TG Southee,1,100,0,0,0,3,9,1,118,54,30
UT Yadav,7,100,0,0,12.5,11,37.5,8,46.37,28.3,137
V Kohli,14,141.46,1,2,33.14,0,0,0,0,0,173
V Shankar,14,126.42,0,0,20.33,5,8,1,70,48,112
VR Aaron,1,42.85,0,0,0,5,12,4,29,18,44.5
WP Saha,5,162.26,0,0,17.2,0,0,0,0,0,48.5
Washington Sundar,2,33.33,0,0,0.5,3,9,4,18.5,13.5,40
Y Prithvi Raj,1,0,0,0,0,2,5,1,57,30,11.5
YK Pathan,8,88.88,0,0,13.33,1,1,0,0,0,9.5
YS Chahal,3,37.5,0,0,3,14,49.2,18,21.44,16.4,187.5
Yuvraj Singh,4,130.66,0,1,24.5,0,0,0,0,0,38.5
